Timestamp,cpu_usage,mem_usage,net_in_rate,net_out_rate,disk_in_rate,disk_out_rate
1706406358,0.0003504560170087163,10486448128,0,0,0,0
1706406363,0.00042219852771034763,10486448128,0,0,0,0
1706406368,0.0003676935201517254,10486448128,0,0,0,0
1706406373,0.0003538350993305807,10486448128,0,0,0,0
1706406378,3.209116628056125,10486579200,18137832.17803721,39594151.222181685,0,0
1706406383,3.50570262627484,10486579200,20010259.34919864,43281853.56969402,0,0
1706406388,3.5314723392620544,10486472704,19843174.736495387,43426535.243741766,0,0
1706406393,3.547454395776232,10486472704,19735671.435059037,43511516.575840145,0,0
1706406398,3.5704641832030717,10486472704,19844902.223137096,43414570.39934129,0,0
1706406403,3.6011722144560485,10486472704,19909071.41311404,43404205.36680372,0,0
1706406408,3.5972068205078833,10486472704,19773881.191738255,43502244.19667337,0,0
1706406413,3.590507232449483,10486472704,19828215.26755032,43386461.46293569,0,0
1706406418,3.610886244362497,10486472704,19875373.68094351,43361477.550175875,0,0
1706406423,3.3472908332598816,10486472704,19844707.030676648,43252283.428739175,0,0
1706406428,3.580525356822247,10486472704,19864397.93064877,43435357.66219239,0,0
1706406433,3.5963124299986555,10486472704,19799477.242173996,43512437.1038986,0,0
1706406438,3.6001269364198447,10486472704,19854614.11803065,43354857.35246169,0,0
1706406443,3.5866499761202437,10486472704,19905676.13972765,43347601.53937241,0,0
1706406448,3.605530964803782,10486472704,19951166.168941982,43285450.72525597,0,0
1706406453,3.6071214880232914,10486472704,19852960.803290587,43405104.52455843,0,0
1706406458,3.6136925118432233,10486472704,19883425.431116164,43379207.88326701,0,0
1706406463,3.6040685745417305,10486472704,19862672.50509165,43402070.0610998,0,0
1706406468,3.6069505908911075,10486472704,19768787.72070626,43470314.00481541,0,0
1706406473,3.574324732070335,10486472704,19911341.687041562,43317292.176039115,0,0
1706406478,3.2586333954519002,10486472704,19888265.66833056,43186029.950083196,0,0
1706406483,3.610595252981315,10486472704,19871365.78690127,43390044.18377321,0,0
1706406488,3.6066286863873254,10486472704,19950170.3601108,43328511.278195485,0,0
1706406493,3.6068457622102925,10486472704,19863722.150814053,43383300.128534704,0,0
1706406498,3.594439739436578,10486472704,19857184.15492958,43362022.35915493,0,0
1706406503,3.582188051270533,10486472704,19860565.804531932,43402887.61730374,0,0
1706406508,3.6060303602099313,10486472704,19865263.453524187,43424890.559884034,0,0
1706406513,3.595299189636725,10486472704,19875259.77216886,43374474.2014742,0,0
1706406518,3.6149637142856457,10486472704,19867540.145985402,43389958.2898853,0,0
1706406523,3.5773876330242675,10486472704,19806408.19022457,43401789.431968294,0,0
1706406528,3.3045166832486332,10486472704,19889816.834129468,43195079.06440455,0,0
1706406533,3.606224818608648,10486472704,19898110.115236875,43398643.83269313,0,0
1706406538,3.58831366650033,10486472704,19957029.389788296,43305204.98132005,0,0
1706406543,3.6124883027071504,10486472704,19867607.32484076,43396634.55414013,0,0
1706406548,3.5331787206461156,10486472704,19911758.75055383,43306488.70181657,0,0
1706406553,3.5984692024756337,10486472704,19836564.6876813,43428744.34345388,0,0
1706406558,3.614764738953009,10486472704,19864526.195899773,43328834.16856492,0,0
1706406563,3.6280010919418118,10486472704,19808409.6226726,43423175.64672928,0,0
1706406568,3.60616538407483,10486472704,19771177.558817614,43486859.84315303,0,0
1706406573,3.369499514164305,10486472704,19882111.416490484,43236818.81606765,0,0
1706406578,3.42419244133435,10486472704,19870896.253602307,43315534.17044051,0,0
1706406583,3.593522068771397,10486472704,19893188.16911631,43343731.26474324,0,0
1706406588,3.601218124968117,10486472704,19919963.49809886,43326149.55640051,0,0
1706406593,3.6015204100696625,10486472704,19866794.418095585,43408702.480846405,0,0
1706406598,3.6043763467197056,10486472704,19795855.47513425,43464927.854307726,0,0
1706406603,3.619107039211725,10486472704,19868509.013194572,43385856.34640401,0,0
1706406608,3.6277731207705166,10486472704,19857635.70914327,43399399.74802016,0,0
1706406613,3.620516395527157,10486472704,19825696.77702258,43392516.11488709,0,0
1706406618,3.5898444442905375,10486472704,19871238.530527767,43357217.83373577,0,0
1706406623,3.5830269822713228,10486472704,19915330.460477713,43359816.54764836,0,0
1706406628,3.3116563517093054,10486472704,19852615.491009682,43191808.73345189,0,0
1706406633,3.5247861383933814,10486472704,19862751.939609982,43306102.11784441,0,0
1706406638,3.6121362909216397,10486472704,19834907.27304902,43522906.03433021,0,0
1706406643,3.622465699253778,10486472704,19860816.378908075,43403800.513299115,0,0
1706406648,3.6057061220306856,10486472704,19863593.30453564,43357765.44276458,0,0
1706406653,3.62728895194062,10486472704,19864595.378927913,43407614.41774491,0,0
1706406658,3.629678201763759,10486472704,19871908.443540186,43390012.20752798,0,0
1706406663,3.5831686302672154,10486472704,19831000,43418158.18974465,0,0
1706406668,3.587657664567673,10486472704,19793589.25359712,43430229.541366905,0,0
1706406673,3.6051621381941894,10486472704,19764379.919499103,43473287.567084074,0,0
1706406678,3.3418436447467803,10486472704,19880302.492735893,43235102.309221596,0,0
1706406683,3.6028482975034666,10486472704,19925383.087111562,43300260.06113092,0,0
1706406688,3.610148389226497,10486472704,19878448.5798237,43438264.05484819,0,0
1706406693,3.618886548938676,10486472704,19852422.130377606,43374114.78489573,0,0
1706406698,3.6283679872005004,10486472704,19886472.5433526,43400914.94632535,0,0
1706406703,3.610352893702799,10486472704,19843499.526515152,43442954.30871212,0,0
1706406708,3.6029573164015165,10486472704,19925965.923566878,43323777.38853503,0,0
1706406713,3.594215676773994,10486472704,19810981.720430106,43412949.67741935,0,0
1706406718,3.594770137000287,10486472704,19899517.480035495,43325040.81632653,0,0
1706406723,3.605057176343622,10486472704,19905254.910425212,43291891.215195335,0,0
1706406728,3.4376461604558606,10486472704,19821624.223602485,43278218.84057971,0,0
1706406733,3.4358856127481556,10486472704,19951532.703353714,43273881.7861775,0,0
1706406738,3.6169651068881095,10486472704,19922625.111111112,43287409.777777776,0,0
1706406743,3.60928204003332,10486472704,19927743.499793645,43418694.59347916,0,0
1706406748,3.621437823225249,10486472704,19886825.294969983,43404209.48043883,0,0
1706406753,3.592050333868126,10486472704,19843443.246961705,43389695.94129787,0,0
1706406758,3.5996812300799252,10486472704,19963740.915756885,43273573.89604042,0,0
1706406763,3.589259401541613,10486472704,19836463.68116563,43395495.82172702,0,0
1706406768,3.588285020501935,10486472704,19808806.329617836,43363597.33280255,0,0
1706406773,3.6009226319904624,10486472704,19865693.71822803,43458755.083514884,0,0
1706406778,3.3170325347947527,10486472704,19946854.862736754,43150626.51628006,0,0
1706406783,3.5802948424036547,10486472704,19946095.340642132,43322558.339859046,0,0
1706406788,3.6158068912513857,10486472704,19824746.595130004,43405349.36029715,0,0
1706406793,3.613279791192332,10486472704,19784871.922348484,43518232.4810606,0,0
1706406798,3.6074624276574103,10486472704,19874944.753242377,43443218.79737241,0,0
1706406803,3.6014039527210744,10486472704,19866676.3789628,43383772.219168045,0,0
1706406808,3.598930618505945,10486472704,19822280.148423005,43447260.435992576,0,0
1706406813,3.601057853202998,10486472704,19911906.26460963,43368874.4740533,0,0
1706406818,3.6172878948895795,10486472704,19888229.19159118,43317538.02768757,0,0
1706406823,3.625078829992757,10486472704,19881762.67019667,43346795.57488653,0,0
1706406828,3.590587226195699,10486472704,19806811.38952164,43418812.98405467,0,0
1706406833,3.2996040998062393,10486472704,19934071.239640273,43145448.77446658,0,0
1706406838,3.6283418268252587,10486472704,19898106.798346348,43339594.166283876,0,0
1706406843,3.610262186717767,10486472704,19854400.034770515,43444112.83031989,0,0
1706406848,3.586962534037533,10486472704,19811697.820714448,43400723.20826781,0,0
1706406853,3.60845885132131,10486472704,19867509.4901377,43399080.38704876,0,0
1706406858,3.6113063179966347,10486472704,19939375.02995447,43394716.510903426,0,0
1706406863,3.6143811144824953,10486472704,19910665.172413792,43334987.4137931,0,0
1706406868,3.6237059288035725,10486472704,19894573.277854834,43340381.414701805,0,0
1706406873,3.621442230768326,10486472704,19887251.15594788,43359667.92770071,0,0
1706406878,3.5598551160047545,10486472704,19807690.029985007,43356693.02848575,0,0
1706406883,3.2235482014833514,10486472704,19888873.671199013,43237814.338689744,0,0
1706406888,3.6181668678757415,10486472704,19907146.25140472,43405770.58917964,0,0
1706406893,3.5955609438009133,10486472704,19895018.274710156,43387802.71173118,0,0
1706406898,3.6064791395402995,10486472704,19880696.335078534,43299068.2904621,0,0
1706406903,3.5973988088046074,10486472704,19904219.077568136,43300452.41090147,0,0
1706406908,3.6131345782202535,10486472704,19878376.99743539,43421588.87354508,0,0
1706406913,3.5885134439664745,10486472704,19902781.888578188,43325891.159389116,0,0
1706406918,3.6377999774873224,10486472704,19840710.22208701,43483300.578034684,0,0
1706406923,3.630946996394677,10486472704,19914365.029292475,43376764.53357369,0,0
1706406928,3.6388408574415965,10486472704,19876807.31070496,43408175.97911227,0,0
1706406933,3.3078429391477786,10486472704,19913988.985193208,43190479.23438064,0,0
1706406938,3.590257689922238,10486472704,19863123.188405797,43341069.26188069,0,0
1706406943,3.5971410078063517,10486472704,19904712.57318093,43358144.41037078,0,0
1706406948,3.609351631787565,10486472704,19850203.784295175,43409714.85335856,0,0
1706406953,3.611876890505627,10486472704,19899223.070097607,43289994.85359361,0,0
1706406958,3.628606871533117,10486472704,19932803.659256343,43391767.65689553,0,0
1706406963,3.627311167753704,10486472704,19841573.32053743,43427552.20729367,0,0
1706406968,3.631488891092027,10486472704,19802005.328218244,43479206.94799659,0,0
1706406973,3.6156051399766396,10486472704,19810075.651189126,43466136.35334089,0,0
1706406978,3.60279966289862,10486472704,19879962.879216127,43372704.91803278,0,0
1706406983,3.311489670169878,10486472704,19951816.95568401,43184263.44368541,0,0
1706406988,3.607437795832875,10486472704,19866687.916666668,43414296.04166667,0,0
1706406993,3.610723739523286,10486472704,19883395.873629916,43391303.03030303,0,0
1706406998,3.618637346625082,10486472704,19836106.82275471,43435007.865374066,0,0
1706407003,3.6168396379613896,10486472704,19950128.49052919,43349148.99433704,0,0
1706407008,3.617419373421988,10486472704,19930711.048158642,43362598.506309554,0,0
1706407013,3.642459172946309,10486472704,19925395.095810328,43329862.45534264,0,0
1706407018,3.6183785189358924,10486472704,19842052.175664786,43445731.466559224,0,0
1706407023,3.608035368012224,10486472704,19805358.695652176,43439336.73469388,0,0
1706407028,3.6196405369846905,10486472704,19846641.269199677,43371954.527081646,0,0
1706407033,3.4450787408320878,10486472704,19943763.90605686,43133665.84260403,0,0
1706407038,3.4109255033901493,10486472704,19935694.751113694,43293951.19116792,0,0
1706407043,3.6167729776917854,10486472704,19875664.615384616,43381091.92307692,0,0
1706407048,3.6310395534317053,10486472704,19853162.40692292,43363984.70517206,0,0
1706407053,3.621017083116286,10486472704,19875644.47750093,43393083.67422834,0,0
1706407058,3.630288618532352,10486472704,19846673.09501411,43415226.01128881,0,0
1706407063,3.6288553944834887,10486472704,19891248.103448275,43392108.79310345,0,0
1706407068,3.590004925625599,10486472704,19839712.61115602,43403229.183508486,0,0
1706407073,3.6091252905626727,10486472704,19839250.82781457,43397311.25827815,0,0
1706407078,3.6002049571669907,10486472704,19917988.03541517,43326171.81143814,0,0
1706407083,3.2991564816937253,10486472704,19888310.081554744,43182706.74995662,0,0
1706407088,3.6104292535945697,10486472704,19887542.61304438,43350123.775786616,0,0
1706407093,3.5972028186909397,10486472704,19830974.818130948,43422113.784741655,0,0
1706407098,3.631441658065404,10486472704,19817413.41743119,43421013.37920489,0,0
1706407103,3.645609027117543,10486472704,19886478.89485802,43413692.24865695,0,0
1706407108,3.6242688344389604,10486476800,19857725.206195936,43384364.91651579,0,0
1706407113,3.601208783246691,10486472704,19878417.861799218,43400307.36636245,0,0
1706407118,3.611516411996059,10486472704,19841659.979317475,43380501.34436401,0,0
1706407123,3.596767966880444,10486472704,19896037.645937573,43359135.81129378,0,0
1706407128,3.61452460257574,10486472704,19896821.319978535,43371754.78447505,0,0
1706407133,3.2332360549767167,10486472704,19888738.025822576,42996609.53769263,0,0
1706407138,3.5900377887413963,10486472704,19894732.031574573,43392907.5612796,0,0
1706407143,3.6112167378431503,10486472704,19932286.91423519,43347932.3607427,0,0
1706407148,3.6325404955381804,10486472704,19897902.712160982,43383991.776028,0,0
1706407153,3.627369574902391,10486472704,19884692.607003894,43418936.38132296,0,0
1706407158,3.594437002861522,10486472704,19826303.510110646,43434797.02403663,0,0
1706407163,3.6109965339434615,10486472704,19941192.594168972,43308124.06895084,0,0
1706407168,3.5974242647994417,10486472704,19929612.29092276,43323500.657771096,0,0
1706407173,3.60205707332008,10486472704,19827945.462774385,43416848.38198688,0,0
1706407178,3.5417912770370865,10486472704,19910039.19556741,43292677.61132772,0,0
1706407183,3.2932446693673754,10486472704,19841044.789556608,43197010.80351114,0,0
1706407188,3.6229648965713768,10486472704,19873356.254709873,43398433.49660889,0,0
1706407193,3.6311369302898884,10486472704,19867270.43506922,43358859.26170073,0,0
1706407198,3.629228208647754,10486472704,19874880.481337957,43416025.69855191,0,0
1706407203,3.5942975206897416,10486472704,19902146.84322535,43326978.481910616,0,0
1706407208,3.605874917607986,10486472704,19884030.256410256,43401657.43589744,0,0
1706407213,3.599899548525643,10486472704,19860787.922358017,43346786.005271986,0,0
1706407218,3.5993705814055623,10486472704,19857158.919166476,43373721.08999313,0,0
1706407223,3.6149356905575685,10486472704,19846486.37770898,43419023.52941176,0,0
1706407228,3.603614893341552,10486476800,19959212.87779238,43275515.54971529,0,0
1706407233,3.4817078091747478,10486472704,19908416.284403667,43237169.724770635,0,0
1706407238,3.41467519137814,10486472704,19928845.46592738,43242004.47147201,0,0
1706407243,3.6253362442058275,10486472704,19985860.37735849,43299543.39622641,0,0
1706407248,3.5840474112742053,10486472704,19974889.01074797,43271971.48497477,0,0
1706407253,3.5992684157712045,10486472704,19954795.05371985,43338232.11027772,0,0
1706407258,3.599755728020343,10486472704,19883764.394077864,43376986.83970024,0,0
1706407263,3.6079898479574517,10486472704,19944716.109563604,43377092.15413185,0,0
1706407268,3.6088425817139487,10486472704,19803755.50620026,43446497.31630576,0,0
1706407273,3.6022195697263495,10486472704,19843756.656116176,43423395.27089927,0,0
1706407278,3.628650475264338,10486472704,19928480.679301012,43290787.10312577,0,0
1706407283,3.6483425839879065,10486472704,19829774.68677002,43396459.12083245,0,0
1706407288,3.491819715430825,10486472704,19902020.708082832,43336339.51235805,0,0
1706407293,3.592341563781594,10486472704,19857823.224692423,43404246.708396286,0,0
1706407298,3.6056362098559873,10486472704,19873224.759615384,43360617.54807692,0,0
1706407303,3.6175032646265017,10486472704,19882524.179483112,43365185.983827494,0,0
1706407308,3.6073430194110263,10486472704,19765235.694479454,43501429.03957651,0,0
1706407313,3.6182934270683127,10486472704,19921021.490626432,43318239.826246,0,0
1706407318,3.6197572931521282,10486472704,19852785.23886999,43376368.73243603,0,0
1706407323,3.6176777538684273,10486472704,19849565.401738394,43389717.19313123,0,0
1706407328,3.635663066938447,10486472704,19914447.32889938,43338855.18129157,0,0
1706407333,3.622829940964061,10486472704,19867486.961245924,43385154.83520463,0,0
1706407338,3.471254271622226,10486472704,19850114.84707312,43350182.29694146,0,0
1706407343,3.5802603369495585,10486472704,19864041.5188817,43336709.78510328,0,0
1706407348,3.6233180018851234,10486472704,19870601.998491704,43404962.669683255,0,0
1706407353,3.606439613183698,10486472704,19887179.006379277,43380364.585347,0,0
1706407358,3.62803576031095,10486472704,19870713.556553695,43372889.95508371,0,0
1706407363,3.6160194636933602,10486472704,19871924.58557086,43371575.76465094,0,0
1706407368,3.622540618026533,10486472704,19904962.152701817,43352652.81120105,0,0
1706407373,3.631609781926745,10486472704,19853927.877237853,43453571.18499573,0,0
1706407378,3.6177723535678576,10486472704,19855215.388711397,43435589.19062833,0,0
1706407383,3.608094665505153,10486472704,19778119.933981292,43461122.501375385,0,0
1706407388,3.6219675093766917,10486472704,19814044.265154816,43489328.60880942,0,0
1706407393,3.522966717641222,10486472704,19877798.53764779,43333792.78158058,0,0
1706407398,3.5884957065229472,10486472704,19823660.657476142,43438299.3107105,0,0
1706407403,3.62381760668116,10486472704,19886507.835371103,43361336.83485448,0,0
1706407408,3.619202101478092,10486472704,19860473.684210528,43395987.923576064,0,0
1706407413,3.6319789525474753,10486472704,19830672.89103691,43435536.24780317,0,0
1706407418,3.6222165784703315,10486472704,19834801.261829652,43444235.8044164,0,0
1706407423,3.629311585901964,10486472704,19926094.86404834,43380903.92749245,0,0
1706407428,3.5948191243226026,10486472704,19894751.84638109,43380362.87543082,0,0
1706407433,3.6137908997623374,10486472704,19846529.85074627,43435195.217096336,0,0
1706407438,3.6185293144537036,10486472704,19852760.517038777,43411201.645123385,0,0
1706407443,3.47138750408985,10486472704,19898597.137014315,43252737.55964553,0,0
1706407448,3.6165440745954176,10486472704,19837989.28346291,43427950.8300063,0,0
1706407453,3.601698090944934,10486472704,19834700.762761585,43441695.28652454,0,0
1706407458,3.633655470684958,10486472704,19897515.895953756,43351261.35425268,0,0
1706407463,3.626896617374017,10486472704,19900526.236505147,43337896.811448656,0,0
1706407468,3.6137769102327457,10486472704,19850917.251570005,43407627.07794607,0,0
1706407473,3.630037044680836,10486472704,19879250.87108014,43402282.43492519,0,0
1706407478,3.6081683867914847,10486472704,19878087.083979994,43382514.22659079,0,0
1706407483,3.603302618195498,10486472704,19878129.341627784,43411478.486262314,0,0
1706407488,3.624844126821583,10486472704,19860666.15252785,43382000.51413882,0,0
1706407493,3.6116739480739968,10486472704,19876463.432471965,43387675.52413457,0,0
1706407498,3.494594498102946,10486472704,19840651.896551725,43351371.20689655,0,0
1706407503,3.6425702473652466,10486472704,19908589.24806746,43368954.146170065,0,0
1706407508,3.620995995205728,10486472704,19835600,43392493.2090546,0,0
1706407513,3.614332673076761,10486472704,19922695.344129555,43348036.60593792,0,0
1706407518,3.6085869594501787,10486472704,19837659.123823315,43443357.34974656,0,0
1706407523,3.6202837584889296,10486472704,19842894.77211796,43426596.96157283,0,0
1706407528,3.61460320794115,10486472704,19847929.153605014,43404765.7262278,0,0
1706407533,3.6347995123440624,10486472704,19895239.13043478,43380279.29255711,0,0
1706407538,3.6198157585305384,10486472704,19846883.57705287,43407860.892388456,0,0
1706407543,3.6235546716649067,10486472704,19866401.745747536,43328739.7045658,0,0
1706407548,3.606471895278608,10486472704,19937228.737354815,43301739.79018359,0,0
1706407553,3.477102839031992,10486472704,19957650.759734094,43267857.31244065,0,0
1706407558,3.5961308671093795,10486472704,19946826.50424511,43310498.70801034,0,0
1706407563,3.610345449822467,10486472704,19890184.490623415,43377566.396350734,0,0
1706407568,3.614571745039578,10486472704,19847707.186926797,43391331.332332835,0,0
1706407573,3.5818932239513215,10486472704,19841483.77736745,43318121.076233186,0,0
1706407578,3.6284782587637436,10486472704,19852664.360393606,43372837.17712177,0,0
1706407583,3.6197673686440552,10486472704,19926781.77966102,43331050.423728816,0,0
1706407588,3.6169959511400918,10486472704,19842130.219543695,43407077.701248385,0,0
1706407593,3.634745794130753,10486472704,19923557.626392458,43350976.00685518,0,0
1706407598,3.7309918559104602,10486472704,19869716.134185303,43377327.955271564,0,0
1706407603,3.6825833642695986,10486472704,19912470.26378897,43291661.15107914,0,0
1706407608,3.512404630822364,10486472704,19812424.868651487,43420719.96497373,0,0
1706407613,3.678927023171278,10486472704,19787997.804878052,43395473.90243903,0,0
1706407618,3.5989539823339562,10486472704,19844544.254104212,43422022.305496074,0,0
1706407623,3.870998053898284,10486472704,19950313.165743504,43317781.84916915,0,0
1706407628,3.843863699946174,10486472704,19890814.27804616,43390243.15619967,0,0
1706407633,3.5330438993877213,10486472704,19849802.49343832,43402789.807524055,0,0
1706407638,3.5890430290929816,10486472704,19864379.00026448,43342202.8563872,0,0
1706407643,3.575691379875321,10486472704,19826501.966568336,43466245.49328089,0,0
1706407648,3.5635933320439963,10486472704,19843389.09301876,43404047.766389474,0,0
1706407653,3.588995917384829,10486472704,19901876.170850504,43372140.689396776,0,0
1706407658,3.4003682974536726,10486472704,19979303.459875062,43193639.35607881,0,0
1706407663,3.594062913146341,10486472704,19892728.696285505,43356989.25710124,0,0
1706407668,3.6033791259303682,10486472704,19923175.707296323,43289264.62454797,0,0
1706407673,3.615778958004522,10486472704,19916977.48021911,43331577.399066746,0,0
1706407678,3.6278859001336237,10486472704,19886354.55764075,43411796.246648796,0,0
1706407683,3.627770563757448,10486472704,19930770.693512306,43379282.438478746,0,0
1706407688,3.630013604522216,10486472704,19851797.962107945,43415163.34978507,0,0
1706407693,3.591016244342759,10486472704,19892940.27149321,43354069.23076923,0,0
1706407698,3.630584649112315,10486472704,19839175.757575758,43392840.7523511,0,0
1706407703,3.6127756125958186,10486472704,19861407.972858354,43412780.53435114,0,0
1706407708,3.553984637791873,10486472704,19914750.20145044,43300104.35132957,0,0
1706407713,3.52072026431022,10486472704,19871745.330387626,43353846.354689695,0,0
1706407718,3.5999047183848347,10486472704,19882119.974059664,43403627.107652396,0,0
1706407723,3.606406824839705,10486472704,19906248.391885206,43336302.82038595,0,0
1706407728,3.6472666325524137,10486472704,19900986.025482945,43345693.79367037,0,0
1706407733,3.6251892432744035,10486472704,19861681.818181816,43360665.81632653,0,0
1706407738,3.9123805370764653,10486472704,19948363.19612591,43322205.81113802,0,0
1706407743,4.03191157332558,10486472704,19805197.384066585,43459043.79706698,0,0
1706407748,3.7377535047334027,10486472704,19873410.504959423,43336197.249774575,0,0
1706407753,3.4187258292543166,10486472704,19964069.359445125,43251238.270093836,0,0
1706407758,3.5553797015883175,10486472704,19888712.06565392,43347775.44962458,0,0
1706407763,3.561010501382833,10486472704,19909159.225602526,43311242.98696167,0,0
1706407768,3.58150166824929,10486472704,19868437.035507843,43357913.7076796,0,0
1706407773,3.5996428778017595,10486472704,19866063.20628232,43442772.64891783,0,0
1706407778,3.6179111590425888,10486472704,19931919.64920597,43357589.239156194,0,0
1706407783,3.6014060798173397,10486472704,19857118.35803877,43402468.64310148,0,0
1706407788,3.5927216385990963,10486472704,19910506.404782236,43320830.74295474,0,0
1706407793,3.6037277423179446,10486472704,19910159.38541281,43333495.92743428,0,0
1706407798,3.5939817310329785,10486472704,19834330.327386785,43377288.178788476,0,0
1706407803,3.4262380046777463,10486472704,19942525.25724977,43268700.65481759,0,0
1706407808,3.6078452415847195,10486472704,19812234.554750744,43433866.85129953,0,0
1706407813,3.6005857786318907,10486472704,19876311.82076576,43395780.13710082,0,0
1706407818,3.601983099976399,10486472704,19866614.20712748,43389186.07988519,0,0
1706407823,3.6237972807336343,10486472704,19843901.69649082,43415250.058099,0,0
1706407828,3.627092716342787,10486472704,19965899.37203247,43351874.86598254,0,0
1706407833,3.5920182142561976,10486472704,19923022.717799082,43353249.27052939,0,0
1706407838,3.598820741431281,10486472704,19892512.61770245,43368240.30131827,0,0
1706407843,3.587771196002048,10486472704,19868280.53020426,43335488.700564966,0,0
1706407848,3.604552201894482,10486472704,19776592.066311426,43471119.597394906,0,0
1706407853,3.2205169099923894,10486472704,19958189.699976377,43104332.38837704,0,0
1706407858,3.6007237822210714,10486472704,19928620.044619873,43332285.91041703,0,0
1706407863,3.604444365387543,10486472704,19923160.988904033,43318643.37161768,0,0
1706407868,3.608693959278142,10486472704,19814048.10384322,43402480.529396795,0,0
1706407873,3.6223652182791053,10486472704,19769789.65107058,43473230.96748613,0,0
1706407878,3.5975842060196004,10486472704,19856017.281553395,43400683.883495145,0,0
1706407883,3.5766582356813457,10486472704,19917857.021637674,43334181.16249469,0,0
1706407888,3.599386442066647,10486472704,19866549.4131011,43422277.167739496,0,0
1706407893,3.3720550023778006,10486472704,19956514.46117274,43148443.34389857,0,0
1706407898,3.4750137948901396,10486472704,19898217.326915957,43244392.817475006,0,0
1706407903,3.6047341478262704,10486472704,19877178.723404255,43373532.28492137,0,0
1706407908,3.5941411229633946,10486472704,19903867.301587302,43367896.2962963,0,0
1706407913,3.6070185694708896,10486472704,19840606.908529524,43405061.366267845,0,0
1706407918,3.6132293809830185,10486472704,19834171.625700735,43424629.1504959,0,0
1706407923,3.6164320450148972,10486472704,19967752.813425466,43331013.03060217,0,0
1706407928,3.5789317329156702,10486472704,19904875.664388765,43338785.497342445,0,0
1706407933,3.5969390089132816,10486472704,19875483.91304348,43392334.13043479,0,0
1706407938,3.5851791861152735,10486472704,19916134.205528595,43346310.82506858,0,0
1706407943,3.481632908187131,10486472704,19851135.807192042,43271878.53863811,0,0
1706407948,3.41488412052273,10486472704,19860322.91074474,43278360.43206367,0,0
1706407953,3.6004696606307527,10486472704,19865925.719591457,43347412.95264624,0,0
1706407958,3.604754805991076,10486472704,19826401.446032017,43446808.91719745,0,0
1706407963,3.6156699967036867,10486472704,19891908.192090396,43328576.74199623,0,0
1706407968,3.6054418705256306,10486472704,19897290.03215434,43358536.54876742,0,0
1706407973,3.596281411725136,10486472704,19854619.868220985,43390784.92988681,0,0
1706407978,3.577117325725771,10486472704,19839833.609958503,43428157.26141079,0,0
1706407983,3.583307933202233,10486472704,19823924.87954446,43392474.59483136,0,0
1706407988,3.607344165986883,10486472704,19827980.525362317,43464128.17028985,0,0
1706407993,3.587546314272922,10486472704,19908895.84271349,43316542.24823653,0,0
1706407998,3.291458590163496,10486472704,19958313.848144952,43040195.211389124,0,0
1706408003,3.5108181731994943,10486472704,19896859.43232284,43361129.94786638,0,0
1706408008,3.6294650683079466,10486472704,19896199.589743588,43387636.71794872,0,0
1706408013,3.6102280322981843,10486472704,19876752.795031056,43373548.322981365,0,0
1706408018,3.611128187760426,10486472704,19851620.30075188,43461214.07685881,0,0
1706408023,3.589688338081506,10486472704,19869930.365974285,43353961.81998022,0,0
1706408028,3.6041659373541637,10486472704,19873231.40848072,43394702.10952483,0,0
1706408033,3.60560906348921,10486472704,19842215.534300793,43404993.07387863,0,0
1706408038,3.6036503722809634,10486472704,19915363.98295582,43356171.11459969,0,0
1706408043,3.6227645003280906,10486472704,19947976.54968842,43304589.37356511,0,0
1706408048,3.618260564267079,10486472704,19872685.3470437,43357678.920308486,0,0
1706408053,3.475592520472096,10486472704,19823037.808926597,43318324.234599784,0,0
1706408058,3.3951273381087974,10486472704,19904249.283667624,43268975.40592168,0,0
1706408063,3.615879224185093,10486472704,19822424.301242236,43478930.51242236,0,0
1706408068,3.602865683962815,10486472704,19892216.799091943,43371278.417382844,0,0
1706408073,3.5975993184972634,10486472704,19857056.139566094,43414153.2095728,0,0
1706408078,3.6000552763629026,10486472704,19862075.40787903,43388437.72383606,0,0
1706408083,3.6200747669737328,10486472704,19861862.321877617,43387797.778709136,0,0
1706408088,3.6144576214418405,10486472704,19889361.72865157,43339595.470600456,0,0
1706408093,3.6303200362318635,10486472704,19896281.70289855,43354699.637681164,0,0
1706408098,3.6226152617668936,10486472704,19898079.471397538,43306145.72773352,0,0
1706408103,3.62543861089224,10486472704,19896312.16685979,43362431.05446118,0,0
1706408108,3.3481256269456647,10486472704,19900625.156557523,43199865.62891393,0,0
1706408113,3.6052088712023718,10486472704,19830494.223363284,43432355.37013265,0,0
1706408118,3.635215316276467,10486472704,19903264.90848258,43307691.98976579,0,0
1706408123,3.610207980573844,10486472704,19853788.947566956,43393291.77668805,0,0
1706408128,3.628507489552858,10486472704,19839094.347921707,43388753.24389708,0,0
1706408133,3.614084111019382,10486472704,19813752.99215848,43447281.05654148,0,0
1706408138,3.624296283559139,10486472704,19857166.16950342,43380865.23951571,0,0
1706408143,3.641053155008242,10486472704,19878399.919371095,43360732.31203386,0,0
1706408148,3.6318494492631688,10486472704,19913972.246313963,43353063.0962706,0,0
1706408153,3.624309940275501,10486472704,19896670.73880163,43394479.154547215,0,0
1706408158,3.452166230868761,10486472704,19886531.071362715,43238133.68983957,0,0
1706408163,3.4345324605040854,10486472704,19903917.80272654,43313104.049719326,0,0
1706408168,3.6087728012422557,10486472704,19805095.635430038,43497436.88489516,0,0
1706408173,3.5806013110003714,10486472704,19857909.63606286,43382380.68651778,0,0
1706408178,3.6162925811665643,10486472704,19925146.366427843,43320693.142272264,0,0
1706408183,3.6119757862890745,10486472704,19874691.38814345,43386260.79531593,0,0
1706408188,3.6284140952281865,10486472704,19883971.665956542,43367857.47763102,0,0
1706408193,3.6376005205234256,10486472704,19805800,43464239.73834832,0,0
1706408198,3.616420752316646,10486472704,19885774.463276837,43403174.68926554,0,0
1706408203,3.598753254352125,10486472704,19889802.546744037,43373882.97872341,0,0
1706408208,3.6286438738449687,10486472704,19908210.60965954,43362944.312483504,0,0
1706408213,3.3507652082752473,10486472704,20023457.325604636,43027552.06875874,0,0
1706408218,3.55689998394541,10486472704,19909899.702085402,43306840.11916584,0,0
1706408223,3.6095663758183503,10486472704,19927547.747400846,43372414.70927994,0,0
1706408228,3.602140280756382,10486472704,19913579.463858306,43313061.75203447,0,0
1706408233,3.62387896952753,10486472704,19951307.969707895,43286631.6263974,0,0
1706408238,3.608832450914277,10486472704,19868564.490861617,43319643.34203655,0,0
1706408243,3.632726965146995,10486472704,19859417.611878738,43428886.78077954,0,0
1706408248,3.6229489646502677,10486472704,19828083.041292094,43400209.05073899,0,0
1706408253,3.6141994580215124,10486472704,19929188.279301744,43339173.73233583,0,0
1706408258,3.6189948935173955,10486472704,19798409.063198537,43397535.25706157,0,0
1706408263,3.481467970878652,10486472704,19823817.06316653,43246723.33880229,0,0
1706408268,3.43232260262898,10486472704,19960763.147566717,43244103.21821036,0,0
1706408273,3.629988199383108,10486472704,19856389.51695786,43443878.9311408,0,0
1706408278,3.6166179832788012,10486472704,19850174.568173464,43436684.8585079,0,0
1706408283,3.60839298708606,10486472704,19923095.55785124,43311032.79958678,0,0
1706408288,3.6065583461215107,10486472704,19892960.962476864,43333324.92007404,0,0
1706408293,3.605426306054593,10486472704,19901465.23178808,43326202.69631031,0,0
1706408298,3.6230383987450785,10486472704,19863652.130822595,43390425.83415923,0,0
1706408303,3.6311624401720914,10486472704,19866212.847771995,43399210.58584031,0,0
1706408308,3.6274468640650155,10486472704,19836991.732359163,43465980.58065757,0,0
1706408313,3.6343768347738767,10486472704,19931520.65321806,43329557.39673391,0,0
1706408318,3.190332399033026,10486472704,19850092.946605142,43150258.18501428,0,0
1706408323,3.618693975224213,10486472704,19867444.82477588,43398488.83455583,0,0
1706408328,3.618830051851878,10486472704,19880938.271604937,43347824.01795735,0,0
1706408333,3.623673224026447,10486472704,19787303.65877519,43453766.77753864,0,0
1706408338,3.612273900799476,10486472704,19836076.73983325,43400646.4182406,0,0
1706408343,3.625998190871784,10486472704,19877794.398340248,43396451.45228215,0,0
1706408348,3.6268142746413936,10486472704,19943189.101172384,43321850.62961355,0,0
1706408353,3.5899340577686267,10486472704,19881155.99582899,43400754.3274244,0,0
1706408358,3.622539198045785,10486472704,19914489.42959713,43386840.646190666,0,0
1706408363,3.585219792661983,10486472704,19801462.883959044,43447487.62798635,0,0
1706408368,3.6130621616293674,10486472704,19895446.592828985,43408656.27933171,0,0
1706408373,3.269551013478495,10486472704,19851985.59822747,43164605.243722305,0,0
1706408378,3.6160938106401592,10486472704,19855433.49864743,43404173.80522994,0,0
1706408383,3.618197624279874,10486472704,19978642.12678937,43278762.7811861,0,0
1706408388,3.6172326670407045,10486472704,19963736.032995876,43303572.928383954,0,0
1706408393,3.6164995434745624,10486472704,19892359.522313014,43365399.95809764,0,0
1706408398,3.5921691872248434,10486472704,19777421.113023523,43492257.601835914,0,0
1706408403,3.6137730856833645,10486472704,19911682.599118944,43426255.066079296,0,0
1706408408,3.595520427170687,10486472704,19895884.167517878,43369623.49336058,0,0
1706408413,3.60108096895936,10486472704,19858971.476510067,43363659.18624161,0,0
1706408418,3.211990758520744,10486472704,19960280.49327354,43054377.80269058,0,0
1706408423,3.606721862235436,10486472704,19802329.002165582,43390769.448609024,0,0
1706408428,3.6147300651763827,10486472704,19806893.87925632,43525697.93189889,0,0
1706408433,3.6216608144427855,10486472704,19919048.85112956,43323390.61594902,0,0
1706408438,3.6159691046432547,10486472704,19896812.07761064,43380033.35513408,0,0
1706408443,3.6399748421671907,10486472704,19875408.566399373,43403236.65167221,0,0
1706408448,3.58686376418687,10486472704,19828226.986128625,43453069.8973158,0,0
1706408453,3.383063684062654,10486472704,19769405.218726017,43239030.442568436,0,0
1706408458,3.427995196254303,10486472704,19925410.19417476,43277696.25520111,0,0
1706408463,3.597903575165677,10486472704,19840802.18384967,43451333.671914674,0,0
1706408468,3.5858421734595733,10486472704,19856839.093576785,43375216.66123247,0,0
1706408473,3.6216707133488404,10486472704,19811573.30210773,43452134.426229514,0,0
1706408478,3.626928721060773,10486472704,19868443.08681672,43388333.60128617,0,0
1706408483,3.618091127646681,10486472704,19915417.624521073,43297708.40895342,0,0
1706408488,3.6052112217742955,10486472704,19872398.007590134,43389026.328273244,0,0
1706408493,3.608894210234803,10486472704,19799859.326539654,43472930.88170137,0,0
1706408498,3.4686677941180184,10486472704,19836229.92845787,43307203.49761526,0,0
1706408503,3.384471006319056,10486472704,19832038.56124433,43245461.76279974,0,0
1706408508,3.6167898358368684,10486472704,19996000,43321315.697801,0,0
1706408513,3.6022987496082233,10486472704,19819600.581785634,43415851.86842694,0,0
1706408518,3.6163375268138904,10486472704,19920706.25347931,43360047.689738356,0,0
1706408523,3.599877821898229,10486472704,19796888.484112527,43457916.211293265,0,0
1706408528,3.5946404536901286,10486472704,19858046.309696093,43413485.166425474,0,0
1706408533,3.6093115961080593,10486472704,19914056.784857374,43426315.64916023,0,0
1706408538,3.584030771859997,10486472704,19821853.48118524,43457744.04653699,0,0
1706408543,3.5837785654747716,10486472704,19840213.20465014,43399613.07304233,0,0
1706408548,3.3162331756114685,10486472704,19870911.00543478,43202405.74048913,0,0
1706408553,3.617463895566341,10486472704,19877812.0190546,43385968.120190546,0,0
1706408558,3.5989654045888586,10486472704,19877771.921853703,43373411.176737845,0,0
1706408563,3.591827032334847,10486472704,19833087.95269771,43425072.246858835,0,0
1706408568,3.5770749119040177,10486472704,19926659.432746027,43331883.11130211,0,0
1706408573,3.6009124259590886,10486472704,19851550.9143062,43391012.72857655,0,0
1706408578,3.6016915682148887,10486599680,19871596.45763523,43348458.11393011,0,0
1706408583,3.604496983409231,10486472704,19836086.193745233,43415786.61327232,0,0
1706408588,3.5696238202852535,10486472704,19938665.771534804,43314850.650692,0,0
1706408593,3.2517623969791623,10486472704,19907352.11902615,43132979.936880074,0,0
1706408598,3.4816623068969186,10486472704,19922976.896551725,43308259.48275862,0,0
1706408603,3.5786160633999464,10486472704,19867487.80019212,43370980.595581174,0,0
1706408608,3.5834803802401494,10486472704,19868546.706586827,43354744.910179645,0,0
1706408613,3.595189397965665,10486472704,19847758.926639255,43401617.83163817,0,0
1706408618,3.596608499635899,10486472704,19874265.48833819,43372650.14577259,0,0
1706408623,3.606045125316054,10486472704,19904629.957805905,43416395.35864979,0,0
1706408628,3.6070783342202715,10486476800,19880190.874524716,43392786.50190114,0,0
1706408633,3.578873427865296,10486472704,19823890.786516853,43400026.74157303,0,0
1706408638,3.5621061537768326,10486472704,19850198.51618705,43450573.741007194,0,0
1706408643,3.5929672015709637,10486472704,19883893.717277486,43408251.65794066,0,0
1706408648,3.5315354514883217,10486472704,19838467.551938318,43301570.14349968,0,0
1706408653,3.2927232868621266,10486472704,19947559.264548376,43194345.233845055,0,0
1706408658,3.586817031151771,10486472704,19918216.230366495,43363404.97382199,0,0
1706408663,3.5896749239736088,10486472704,19845530.783582088,43375465.32960199,0,0
1706408668,3.609252466819329,10486472704,19837114.624505926,43405437.27896817,0,0
1706408673,3.600720471040422,10486472704,19858697.18817592,43389080.50949291,0,0
1706408678,3.5825382558423313,10486472704,19767869.309330102,43514052.44936819,0,0
1706408683,3.5672905215118744,10486472704,19866065.998329155,43348781.95488722,0,0
1706408688,3.5954606283550836,10486472704,19828759.523809522,43438089.82683983,0,0
1706408693,3.5930360323277224,10486472704,19866961.243079122,43441794.784783,0,0
1706408698,3.585041234537554,10486472704,19905292.2876304,43345120.5290611,0,0
1706408703,3.526775785598081,10486472704,19899545.20844613,43196207.904710345,0,0
1706408708,3.4784905006937827,10486472704,19877660.999306038,43398335.70437196,0,0
1706408713,3.5737749702386754,10486472704,19876043.71279762,43394648.809523806,0,0
1706408718,3.6076194895301064,10486472704,19877071.53935634,43408991.275688246,0,0
1706408723,3.6146150103028285,10486472704,19846217.46920493,43460951.847704366,0,0
1706408728,3.581566585981298,10486472704,19904069.131523207,43344983.05411131,0,0
1706408733,3.605092896543353,10486472704,19822185.883490454,43389955.281605035,0,0
1706408738,3.622613163438436,10486472704,19898796.532005165,43335097.21453606,0,0
1706408743,3.623985896726056,10486472704,19884610.289990645,43352441.34705332,0,0
1706408748,3.6272556389151833,10486472704,19904812.151509326,43346050.3749279,0,0
1706408753,3.5516411023160726,10486472704,19922817.32124874,43236614.90433031,0,0
1706408758,3.5413913862013318,10486472704,19827991.755261444,43389296.37665437,0,0
1706408763,3.6405772494252915,10486472704,19810594.66148135,43459371.398267634,0,0
1706408768,3.601589960086647,10486472704,19852007.69415725,43426885.06852609,0,0
1706408773,3.599269863735572,10486472704,19882507.994186047,43404521.98401163,0,0
1706408778,3.6180981722234233,10486472704,19802283.07496284,43451338.07602464,0,0
1706408783,3.6099964939092852,10486472704,19878901.21811953,43394936.61971831,0,0
1706408788,3.497571035904448,10486472704,19869389.432884537,43381095.06323949,0,0
1706408793,3.4905699902882983,10486472704,19920960.494372103,43323714.63253146,0,0
1706408798,3.3518389300547202,10486472704,19905931.230407525,43264770.963949844,0,0
1706408803,3.531387323763819,10486472704,19880158.806106173,43445022.32854864,0,0
1706408808,3.527886859307523,10486472704,19913070.65553494,43389799.165120594,0,0
1706408813,3.486914588811327,10486472704,19890025.840441544,43398660.812844954,0,0
1706408818,3.475568720198353,10486472704,19811092.854616202,43447585.24938097,0,0
1706408823,3.5102770274142485,10486472704,19853069.380008437,43377985.87094053,0,0
1706408828,3.4934647540007453,10486472704,19912584.595690206,43290878.17367186,0,0
1706408833,3.5185067512478154,10486472704,19883097.004279602,43376284.05848788,0,0
1706408838,3.5181662574156656,10486472704,19853489.63835839,43412429.70337261,0,0
1706408843,3.473870291310485,10486472704,19810615.263394866,43338372.80504277,0,0
1706408848,3.3734285784133737,10486472704,19911047.441475037,43317250.051792,0,0
1706408853,3.51246493402217,10486472704,19847332.512719516,43453594.616773345,0,0
1706408858,3.520783609048973,10486472704,19889531.56326199,43283048.49634246,0,0
1706408863,3.4993830055812674,10486472704,19857881.639722865,43496765.78137029,0,0
1706408868,3.5135692634867493,10486472704,19817770.81100393,43409803.501250446,0,0
1706408873,3.5215141490410358,10486472704,19822865.452408932,43428205.64042303,0,0
1706408878,3.518290661581836,10486472704,19777006.189213086,43476262.820512824,0,0
1706408883,3.5032142196363214,10486472704,19756946.363636363,43478444,0,0
1706408888,3.504896093523996,10486472704,19852593.89847462,43379480.37009252,0,0
1706408893,3.454826621723338,10486472704,19905629.259501964,43319423.65661861,0,0
1706408898,3.4976997757188593,10486472704,19905754.3494705,43368033.282904685,0,0
1706408903,3.6324908445129105,10486472704,19848270.206210002,43441786.91633088,0,0
1706408908,3.6225549774668226,10486472704,19903679.554079697,43403186.19544592,0,0
1706408913,3.6266270157126823,10486472704,19845066.217732884,43393000.80166747,0,0
1706408918,3.6341601513762596,10486472704,19926186.926605504,43337351.49082569,0,0
1706408923,3.634630486063454,10486472704,19840252.61801192,43421226.84066377,0,0
1706408928,3.6352364903303713,10486472704,19846536.263736263,43453658.9010989,0,0
1706408933,3.6195202511269513,10486472704,19933512.1775212,43306212.520295866,0,0
1706408938,3.6233321546591344,10486472704,19877070.3570674,43424439.67885063,0,0
1706408943,3.4604421165402495,10486472704,19854285.931558937,43296552.47148289,0,0
1706408948,3.401964013163598,10486472704,19953336.770513386,43204330.408073716,0,0
1706408953,3.61960044511728,10486472704,19830957.234497506,43440041.16179615,0,0
1706408958,3.6093059874626006,10486472704,19803058.354228403,43461070.89126966,0,0
1706408963,3.627290037509885,10486472704,19864804.595443834,43362867.83189317,0,0
1706408968,3.6276482312558342,10486472704,19795290.227464195,43490595.829823084,0,0
1706408973,3.617765089640609,10486472704,19836344.429979544,43440217.22149898,0,0
1706408978,3.58408679512726,10486472704,19856450.964467004,43404007.91878173,0,0
1706408983,3.6076821742370835,10486472704,19891989.203276247,43362528.48101266,0,0
1706408988,3.588494570022073,10486472704,19870482.494529538,43359672.6477024,0,0
1706408993,3.3052403818432334,10486472704,19886917.089382544,43203680.25188036,0,0
1706408998,3.6217867539730686,10486472704,19791058.395558108,43445553.704767376,0,0
1706409003,3.6191191241422125,10486472704,19912720.51338792,43336703.91679575,0,0
1706409008,3.6190313064474386,10486472704,19808728.765167736,43420748.988817506,0,0
1706409013,3.6371157679718307,10486472704,19821441.781977724,43436277.25278434,0,0
1706409018,3.616319151021962,10486472704,19812846.559683446,43457606.94658166,0,0
1706409023,3.5870760238149226,10486472704,19862995.322134808,43403591.11205613,0,0
1706409028,3.6001925382570032,10486472704,19909424.15037023,43341883.42509967,0,0
1706409033,3.593804484448656,10486472704,19835998.258273203,43431085.095794976,0,0
1706409038,3.626409007658948,10486472704,19866255.988267884,43365584.1616425,0,0
1706409043,3.533059593162228,10486472704,19838825.071225073,43367465.52706553,0,0
1706409048,3.317177272873412,10486472704,19927945.384925433,43174654.17170496,0,0
1706409053,3.6295450657958463,10486472704,19907706.785878036,43397080.00917011,0,0
1706409058,3.6298030406420065,10486472704,19903856.604392003,43370966.73221894,0,0
1706409063,3.6253519194840096,10486472704,19864297.30893434,43401206.24327234,0,0
1706409068,3.580303093338584,10486472704,19936691.37607016,43341181.66631865,0,0
1706409073,3.6254445920214495,10486472704,19844747.733454216,43426709.202175885,0,0
1706409078,3.53328479547234,10486472704,19841749.23254029,43411555.06523408,0,0
1706409083,3.5767444752633173,10486472704,19867257.18878371,43387330.41614574,0,0
1706409088,3.581290375055113,10486472704,19902379.23449186,43345029.036515616,0,0
1706409093,3.3638163753318913,10486472704,19896642.125237193,43166414.04174574,0,0
1706409098,3.5113992520267603,10486472704,19910696.941783346,43290964.81208548,0,0
1706409103,3.608880036647983,10486472704,19879308.575616907,43374451.013926215,0,0
1706409108,3.578783165934077,10486472704,19817391.320971135,43432187.15350793,0,0
1706409113,3.5711707437307085,10486472704,19878347.145651788,43376200.0711364,0,0
1706409118,3.572140064794551,10486472704,19930749.721913237,43338531.145717464,0,0
1706409123,3.5914837337844596,10486472704,19861876.052153822,43385994.88364416,0,0
1706409128,3.5855837960308854,10486472704,19879547.133406837,43371508.82028666,0,0
1706409133,3.5952898443845283,10486472704,19857113.799283154,43405066.00955795,0,0
1706409138,3.5854011176214606,10486472704,19880307.77608364,43418923.32825092,0,0
1706409143,3.6204377667207255,10486472704,19884131.464031257,43358122.50057458,0,0
1706409148,3.2804053432479923,10486472704,19955217.221135028,43098626.81017612,0,0
1706409153,3.602234233497377,10486472704,19875202.61326998,43346457.8313253,0,0
1706409158,3.5591765479778794,10486472704,19881451.75786413,43382766.587364525,0,0
1706409163,3.5665424632118348,10486472704,19821728.455284555,43413057.520325206,0,0
1706409168,3.576649266654709,10486472704,19803355.18046328,43393262.7042557,0,0
1706409173,3.590876993168553,10486472704,19868469.369766414,43354432.56941383,0,0
1706409178,3.5889352732333766,10486472704,19846673.933800127,43429833.3863781,0,0
1706409183,3.601308427533217,10486472704,19946812.148217633,43288445.35647279,0,0
1706409188,3.305531246018739,10486472704,19958225.57642025,43050094.366531976,0,0
1706409193,3.5142528288821078,10486472704,19907433.241252303,43340468.07857581,0,0
1706409198,3.569264849955717,10486472704,19941011.680143755,43297253.36927224,0,0
1706409203,3.612770397510563,10486472704,19868285.643153526,43380264.06639004,0,0
1706409208,3.6001751444892602,10486472704,19817984.543010753,43420005.60035842,0,0
1706409213,3.6041314433340004,10486472704,19921784.650198,43358617.57495757,0,0
1706409218,3.5836715569133815,10486472704,19890124.3301179,43364547.90996785,0,0
1706409223,3.5976393135440277,10486472704,19772902.435142446,43488437.052363515,0,0
1706409228,3.617533670652611,10486472704,19889455.411430888,43341074.38184029,0,0
1706409233,3.572558987083546,10486472704,19885187.39054291,43399555.82311734,0,0
1706409238,3.547191707501481,10486472704,19879377.61580061,43301274.62967317,0,0
1706409243,3.297183347907615,10486472704,19898174.551665243,43200114.09052092,0,0
1706409248,3.6061480239665955,10486472704,19888913.533834584,43368801.69172932,0,0
1706409253,3.57805404557977,10486472704,19816684.73756906,43409774.68922652,0,0
1706409258,3.5328755765426822,10486472704,19779910.41456016,43449451.769464105,0,0
1706409263,3.5344154795212543,10486472704,19812647.553686075,43438611.46778835,0,0
1706409268,3.542973090050988,10486472704,19887734.20479303,43399676.10748003,0,0
1706409273,3.569676264884256,10486472704,19846817.45120551,43422976.70985731,0,0
1706409278,3.5533490583299026,10486472704,19826968.527066723,43448216.32396139,0,0
1706409283,3.5475216811303163,10486472704,19852566.089334548,43441352.78030993,0,0
1706409288,3.5446398166087607,10486472704,19766475.568067566,43468841.34325357,0,0
1706409293,3.19229739376985,10486472704,19907355.855855856,43126465.65315315,0,0
1706409298,3.4782291827850367,10486472704,19845878.2278481,43410677.974683546,0,0
1706409303,3.537529888075194,10486472704,19863128.075117372,43370550.98591549,0,0
1706409308,3.6017873432545184,10486472704,19875994.1880944,43354429.20042268,0,0
1706409313,3.58618272760097,10486472704,19821831.189347778,43414023.92236515,0,0
1706409318,3.5510486358433035,10486472704,19844912.813738443,43434119.33069133,0,0
1706409323,3.403588247481702,10486472704,19847437.345220406,43426172.527653955,0,0
1706409328,3.406889284109506,10486472704,19831700.374531835,43422642.322097376,0,0
1706409333,3.413688273219018,10486472704,19854445.915703095,43363396.86684073,0,0
1706409338,3.362255107104007,10486472704,19913826.567596957,43403385.64697354,0,0
1706409343,3.2546295574856305,10486472704,19873734.28453267,43240837.26220016,0,0
1706409348,3.148045361118366,10486472704,19914393.217706446,43266139.52886358,0,0
1706409353,3.3833132257585667,10486472704,19763054.22929561,43476269.23076923,0,0
1706409358,3.3938955593337687,10486472704,19826121.521997623,43393981.92627824,0,0
1706409363,3.3945126447343883,10486472704,19871069.578370202,43393441.10417849,0,0
1706409368,3.391685412528563,10486472704,19831874.27293065,43422500.67114094,0,0
1706409373,3.40189025782416,10486472704,19854948.051948052,43366814.13668299,0,0
1706409378,3.155545123946911,10486472704,19848910.097504545,43262756.73442406,0,0
1706409383,3.3752877228988876,10486472704,19850379.009338204,43445297.807551764,0,0
1706409388,3.384296820960555,10486472704,19811895.38636795,43431645.718625404,0,0
1706409393,3.3958130674012765,10486472704,19997758.57843137,43271855.1879085,0,0
1706409398,3.3905314207963375,10486472704,19870794.041821826,43290401.31767402,0,0
1706409403,3.407721239475284,10486472704,19834100.23692364,43432786.95097503,0,0
1706409408,3.410035733124261,10486472704,19819291.644863073,43405063.143206,0,0
1706409413,3.3908209495930905,10486472704,19807817.75882125,43459548.85614579,0,0
1706409418,3.4163752313160844,10486472704,19762445.832435925,43449801.8522507,0,0
1706409423,3.1594443406366732,10486472704,19809412.63119131,43244043.08598784,0,0
1706409428,3.2849131008514316,10486472704,19897861.748774827,43353317.77147279,0,0
1706409433,3.384256561392091,10486472704,19797308.138623178,43438935.70644504,0,0
1706409438,3.362458164296773,10486472704,19800982.622432858,43451277.815391555,0,0
1706409443,3.370341427619639,10486472704,19858457.82128723,43393777.54634451,0,0
1706409448,3.4010112042556786,10486472704,19898668.29787234,43354644.25531915,0,0
1706409453,3.4062801431031353,10486472704,19875464.176245213,43360521.26436782,0,0
1706409458,3.4026181486614586,10486472704,19877108.61496386,43390982.02773979,0,0
1706409463,3.4195320478371682,10486472704,19860252.84738041,43361122.09567198,0,0
1706409468,3.4058383045538405,10486472704,19877940.594059408,43339247.12871287,0,0
1706409473,3.094205563549435,10486472704,19869591.127098322,43240630.295763396,0,0
1706409478,3.3749196908897825,10486472704,19829703.10559006,43426730.848861285,0,0
1706409483,3.391075593848507,10486472704,19852080.194601383,43424661.80163214,0,0
1706409488,3.3130473411454293,10486472704,19774974.007890463,43431415.87375261,0,0
1706409493,3.384280778232392,10486472704,19864246.273228507,43407716.15274658,0,0
1706409498,3.395546407741511,10486472704,19793077.60368664,43466247.92626728,0,0
1706409503,3.392080673923351,10486472704,19797406.901343215,43435560.676239006,0,0
1706409508,3.3902735494752885,10486472704,19959859.905369267,43331336.761983134,0,0
1706409513,3.4073342112018357,10486472704,19813505.98231316,43421765.38928385,0,0
1706409518,3.2685038675483074,10486472704,19871225.43234995,43325209.96948118,0,0
1706409523,3.1352840300469635,10486472704,19981466.96851204,43168235.645194486,0,0
1706409528,3.3618557385114416,10486472704,19814582.447287798,43403976.211930074,0,0
1706409533,3.391665240652416,10486472704,19869063.758389264,43355584.132310644,0,0
1706409538,3.3763013948575806,10486472704,19828561.778165177,43380573.763347134,0,0
1706409543,3.393517455670791,10486472704,19864724.515434314,43385384.06317301,0,0
1706409548,3.3599185347508578,10486472704,19855082.18688583,43355752.90334107,0,0
1706409553,3.393500340246494,10486472704,19864059.62410888,43391176.92806222,0,0
1706409558,3.3776090183881182,10486472704,19916190.90909091,43359259.50413223,0,0
1706409563,3.378700901723157,10486472704,19852430.1313769,43407997.61132912,0,0
1706409568,3.350237305118134,10486472704,19829943.132108487,43411037.839020126,0,0
1706409573,3.0128396389668093,10486472704,19859924.588763084,43195715.44541764,0,0
1706409578,3.3732975116062662,10486472704,19855700.257921886,43378859.985261604,0,0
1706409583,3.4007102520678787,10486472704,19862647.435897436,43370834.16046319,0,0
1706409588,3.388220370924266,10486472704,19807028.960490983,43439798.810893744,0,0
1706409593,3.398276212625866,10486472704,19916012.626262628,43400246.96969697,0,0
1706409598,3.3964444735277013,10486476800,19837648.261401363,43451527.34579766,0,0
1706409603,3.4029203860096953,10486472704,19840516.43489254,43397727.770754315,0,0
1706409608,3.384841191629125,10486472704,19807142.978542596,43439339.70681963,0,0
1706409613,3.359488224437926,10486472704,19772667.516809646,43485685.137955025,0,0
1706409618,3.359684765175039,10486472704,19801742.801556423,43405683.65758755,0,0
1706409623,3.219156049738651,10486472704,19843586.761406135,43152309.08750935,0,0
1706409628,3.504801881572696,10486472704,19900178.138994858,43378061.70177475,0,0
1706409633,3.559866068734292,10486472704,19782107.782829635,43468255.148435414,0,0
1706409638,3.5732326824884355,10486472704,19847123.253588516,43405484.59330144,0,0
1706409643,3.460360692039679,10486472704,19862712.454502296,43396557.52492483,0,0
1706409648,3.419611272284188,10486472704,19851172.674135413,43390403.06867998,0,0
1706409653,3.3868996111680305,10486472704,19851609.460382514,43386381.14754099,0,0
1706409658,3.369565300361647,10486472704,19822268.66624123,43444432.461178474,0,0
1706409663,3.352622241559573,10486472704,19811961.959106036,43437434.37945791,0,0
1706409668,3.389100394116362,10486472704,19779608.807844486,43468178.56528471,0,0
1706409673,3.3776568585794466,10486472704,19815296.798029557,43401971.0591133,0,0
1706409678,3.0263799245408505,10486472704,19871028.94356006,43294442.42298946,0,0
1706409683,3.3955434108998293,10486472704,19888510.039440658,43307837.39691646,0,0
1706409688,3.403136773294566,10486472704,19843705.082478825,43373987.962550156,0,0
1706409693,3.4150955653121495,10486472704,19846869.96842936,43424811.56274665,0,0
1706409698,3.40922735140789,10486472704,19828334.507042255,43441602.58215962,0,0
1706409703,3.3895283617334435,10486472704,19813531.28964059,43416207.39957716,0,0
1706409708,3.3300048801043136,10486472704,19784144.22241529,43453446.35099913,0,0
1706409713,3.372139958930351,10486472704,19810342.566061765,43470585.323145494,0,0
1706409718,3.3779646273541823,10486472704,19866641.799232032,43376918.815139875,0,0
1706409723,3.3841681686379546,10486472704,19934911.957950067,43328667.54270697,0,0
1706409728,3.0626837167369483,10486472704,19853611.92468619,43220838.49372385,0,0
1706409733,3.394899250809363,10486472704,19805487.23662885,43436845.21880065,0,0
1706409738,3.409501477906869,10486472704,19813626.954452753,43456721.278042145,0,0
1706409743,3.4143019136279023,10486472704,19890732.52844207,43353167.634084046,0,0
1706409748,3.4060597196421174,10486472704,19862128.76935615,43411495.31377343,0,0
1706409753,3.378605696699316,10486472704,19843631.259484068,43385085.35660091,0,0
1706409758,3.0427376722498995,10486472704,19929425.558312654,43191677.21257237,0,0
1706409763,3.3754185603860223,10486472704,19729526.76659529,43519298.50107066,0,0
1706409768,3.3951370745562137,10486472704,19896236.48792993,43350939.75646229,0,0
1706409773,3.395752804334962,10486472704,19813927.357937902,43464611.98984573,0,0
1706409778,3.402416583282797,10486472704,19877297.945901975,43361060.60606061,0,0
1706409783,3.4141632050382666,10486472704,19839937.596899223,43380810.07751938,0,0
1706409788,3.413686992259683,10486472704,19865068.718142346,43393497.82895979,0,0
1706409793,3.3848162877040933,10486472704,19790015.66920566,43443704.02611534,0,0
1706409798,3.405598218470565,10486472704,19827274.262505345,43436570.115433946,0,0
1706409803,3.5297215408730866,10486472704,19880258.86524823,43372436.730123185,0,0
1706409808,3.4838848966065057,10486472704,19877658.731568664,43352695.86072127,0,0
1706409813,3.5205942261082273,10486472704,19941591.088902768,43326054.132833645,0,0
1706409818,3.537936668617317,10486472704,19838493.064586043,43420600.130039014,0,0
1706409823,3.5435786675816314,10486472704,19903657.59059745,43324468.16846229,0,0
1706409828,3.5397964198303935,10486472704,19830200.210970465,43435226.371308014,0,0
1706409833,3.5489753560531976,10486472704,19811795.713458195,43447275.342730254,0,0
1706409838,3.561255898186853,10486472704,19812573.115954082,43492075.19547496,0,0
1706409843,3.494969750476362,10486472704,19882703.57142857,43359347.61904762,0,0
1706409848,3.371009871317735,10486472704,19878885.04983389,43375398.006644525,0,0
1706409853,3.401727990469918,10486472704,19914547.287390027,43380311.76686217,0,0
1706409858,3.3773818152998185,10486472704,19854667.491953455,43362533.05273583,0,0
1706409863,3.293400759801671,10486472704,19919388.919565618,43292814.283084854,0,0
1706409868,3.3964214450574266,10486472704,19855454.318788957,43372451.6473731,0,0
1706409873,3.394527841032055,10486472704,19842645.833333332,43392581.7481884,0,0
1706409878,3.4076490062044127,10486472704,19883513.854425143,43373191.48056245,0,0
1706409883,3.394952743232661,10486472704,19789501.799405415,43405934.90846503,0,0
1706409888,3.388444374561363,10486472704,19840646.970455684,43436521.031547315,0,0
1706409893,3.3565821141464434,10486472704,19880039.80487805,43392754.73170732,0,0
1706409898,3.396425530799759,10486472704,19767924.238848243,43485717.01675714,0,0
1706409903,3.3839358401517146,10486472704,19805216.760145165,43394956.94490267,0,0
1706409908,3.3880561674074565,10486472704,19842980.62910965,43371244.179847166,0,0
1706409913,3.238409680809543,10486472704,19894458.555774093,43335419.49985951,0,0
1706409918,3.403857594301438,10486472704,19844732.56423702,43368954.902988985,0,0
1706409923,3.4089545857497963,10486472704,19847018.588183224,43419180.34963487,0,0
1706409928,3.4126818376660135,10486472704,19811681.515535828,43454703.868103996,0,0
1706409933,3.38845496558272,10486472704,19847554.766457252,43409106.801420376,0,0
1706409938,3.3784165609553773,10486472704,19800888.079918727,43467390.2810701,0,0
1706409943,3.392112856171585,10486472704,19858557.593241297,43394246.44549763,0,0
1706409948,3.380122110893844,10486472704,19830903.761602342,43370555.691255495,0,0
1706409953,3.396976160495719,10486472704,19889622.504829362,43401843.36767547,0,0
1706409958,3.393014735931478,10486472704,19813037.442522444,43428788.48259251,0,0
1706409963,3.3155069895120475,10486472704,19862695.240016136,43332469.3424768,0,0
1706409968,3.3921020283673675,10486472704,19826123.912286807,43427612.07796728,0,0
1706409973,3.4060571892371097,10486472704,19923312.95700497,43311575.02193624,0,0
1706409978,3.41682803661136,10486472704,19823109.50582827,43481482.35100968,0,0
1706409983,3.5025513743195185,10486472704,19878344.94015234,43345411.67936163,0,0
1706409988,3.5136867992349305,10486472704,20004889.64763726,43261765.09150505,0,0
1706409993,3.457401639059809,10486472704,19822202.45398773,43424971.881390594,0,0
1706409998,3.390915054549018,10486472704,19804996.45529736,43448149.07443875,0,0
1706410003,3.3848839271361877,10486472704,19890995.5348082,43371757.66186321,0,0
1706410008,3.3952701051880694,10486472704,19881902.80910396,43295488.8250974,0,0
1706410013,3.2724973461368285,10486472704,19988995.172124263,43265327.03610411,0,0
1706410018,3.4027959430383072,10486472704,19839746.322271638,43377887.102292165,0,0
1706410023,3.370618113421543,10486472704,19790870.317002885,43485735.28200906,0,0
1706410028,3.367121273004431,10486472704,19901229.030944627,43353892.915309444,0,0
1706410033,3.378897471536187,10486472704,19926510.30401959,43339519.8938992,0,0
1706410038,3.368608500823203,10486472704,19800046.315356117,43425380.60930424,0,0
1706410043,3.3805356530664663,10486472704,19749731.44306132,43468745.9658829,0,0
1706410048,3.3868507501602716,10486472704,19796959.537572253,43444093.77007065,0,0
1706410053,3.41156441805365,10486472704,19893247.307616994,43368798.70765616,0,0
1706410058,3.4090790189350195,10486472704,19828790.025359254,43421402.36686391,0,0
1706410063,3.2957859349379253,10486472704,19914671.515472095,43353925.945517056,0,0
1706410068,3.4040150749319515,10486472704,19894830.519376103,43410764.43158064,0,0
1706410073,3.390214114838651,10486472704,19805203.78293177,43468113.262778655,0,0
1706410078,3.3716747986099,10486472704,19865597.605715387,43360755.165089786,0,0
1706410083,3.406056245692723,10486472704,19859680.475799836,43381960.21328958,0,0
1706410088,3.397129914038818,10486472704,19862795.667244367,43378775.56325824,0,0
1706410093,3.3948715202395148,10486472704,19800669.571954288,43446345.34185551,0,0
1706410098,3.3933446230026685,10486472704,19887314.20211569,43350537.249606125,0,0
1706410103,3.400178977653499,10486472704,19792944.563816074,43495586.8070477,0,0
1706410108,3.303137353835094,10486472704,19909649.16557285,43300267.01668854,0,0
1706410113,3.418438471819012,10486472704,19875285.484242003,43400001.84034966,0,0
1706410118,3.3936150563509173,10486472704,19818157.81844537,43459627.64993658,0,0
1706410123,3.3559246152312685,10486472704,19870293.20036265,43395905.89301904,0,0
1706410128,3.3789422420986064,10486472704,19780164.8419748,43475619.29353439,0,0
1706410133,3.391189599138656,10486472704,19835931.754574813,43401380.83961249,0,0
1706410138,3.3984193391929813,10486472704,19854062.524970036,43407623.25209748,0,0
1706410143,3.4036294113680188,10486472704,19928990.216631725,43344675.751222916,0,0
1706410148,3.40738531787885,10486472704,19837080.50314465,43423794.788858935,0,0
1706410153,3.401901629651473,10486472704,19891514.576141156,43367714.42270809,0,0
1706410158,3.4005280750629736,10486472704,19828112.20739021,43386596.44031728,0,0
1706410163,3.579038644351723,10486472704,19887423.91543713,43352487.77802246,0,0
1706410168,3.592390450617317,10486472704,19855793.402777776,43466008.10185185,0,0
1706410173,3.607805056623073,10486472704,19934162.71463614,43338961.16107931,0,0
1706410178,3.5789500991916143,10486472704,19862879.68523504,43386082.832884654,0,0
1706410183,3.610314348832744,10486472704,19928538.93557423,43352548.45938375,0,0
1706410188,3.605020177105838,10486472704,19925493.652137116,43321364.367329665,0,0
1706410193,3.6227274562823313,10486472704,19891147.647376962,43342864.79177934,0,0
1706410198,3.6263766975389826,10486472704,19891405.313185476,43343655.86156471,0,0
1706410203,3.6425617976937885,10486472704,19864736.897274632,43428783.368273936,0,0
1706410208,3.615288975357335,10486472704,19913470.588235293,43375171.50238474,0,0
1706410213,3.445061053656051,10486472704,19958251.27995085,43295312.71759164,0,0
1706410218,3.6093114189553397,10486472704,19815871.34632418,43394207.70593446,0,0
1706410223,3.6021350376375594,10486472704,19874293.89226955,43405858.688302904,0,0
1706410228,3.6042371483134583,10486472704,19871270.337301586,43401224.53703704,0,0
1706410233,3.6168141847269255,10486472704,19805244,43459366.36363637,0,0
1706410238,3.6161942561521916,10486472704,19810294.18344519,43473520.693512306,0,0
1706410243,3.6226792773267085,10486472704,19935755.309963737,43316452.2534968,0,0
1706410248,3.624068435790563,10486472704,19903952.04122077,43379595.12485137,0,0
1706410253,3.623879437261169,10486472704,19886957.769246314,43374193.77652051,0,0
1706410258,3.5948582813220784,10486472704,19876445.71984436,43348877.04280156,0,0
1706410263,3.4422337428207563,10486472704,19932332.32563161,43271749.29820773,0,0
1706410268,3.4422337428207563,10486472704,19932332.32563161,43271749.29820773,0,0
